{
  "eye": {
    "orientation": [
      0.050244592130184174,
      0.03449662774801254,
      -0.05732278153300285,
      0.9964936375617981
    ],
    "magnitude": 1,
    "position": [
      1182.3544921875,
      501.87310791015625,
      424.7156066894531
    ]
  },
  "radius": 793.2212524414062,
  "type": "PERSPECTIVE"
}