{
  "eye": {
    "orientation": [
      0.2048868089914322,
      0.007047181949019432,
      -0.018767209723591805,
      0.9785804152488708
    ],
    "magnitude": 0.5773502588272095,
    "position": [
      1.2226293087005615,
      -80.18074035644531,
      183.21998596191406
    ]
  },
  "radius": 100,
  "type": "PERSPECTIVE"
}