{
  "eye": {
    "orientation": [
      0.3361375033855438,
      0.2802734076976776,
      -0.11398391425609589,
      0.8918890357017517
    ],
    "magnitude": 0.5773502588272095,
    "position": [
      84.4887924194336,
      -132.699462890625,
      123.50096893310547
    ]
  },
  "radius": 100,
  "type": "PERSPECTIVE"
}