{
  "eye": {
    "orientation": [
      0.04280466586351395,
      0.13783805072307587,
      -0.008803126402199268,
      0.989490270614624
    ],
    "magnitude": 0.5773502588272095,
    "position": [
      1071.249267578125,
      221.8785400390625,
      1820.44287109375
    ]
  },
  "radius": 793.2212524414062,
  "type": "PERSPECTIVE"
}