{
  "eye": {
    "orientation": [
      0.18842677772045135,
      -0.26116132736206055,
      -0.029754549264907837,
      0.9462583065032959
    ],
    "magnitude": 0.5773502588272095,
    "position": [
      -163.10430908203125,
      -180.8836669921875,
      1556.69091796875
    ]
  },
  "radius": 793.2212524414062,
  "type": "PERSPECTIVE"
}