{
  "eye": {
    "orientation": [
      0.03876025602221489,
      0.036840200424194336,
      0.015462781302630901,
      0.9984495043754578
    ],
    "magnitude": 0.5773502588272095,
    "position": [
      741.5077514648438,
      183.7313995361328,
      1874.4478759765625
    ]
  },
  "radius": 793.2212524414062,
  "type": "PERSPECTIVE"
}